<?xml version="1.0" encoding="UTF-8"?>
<metadata xml:lang="ko"><Esri><CreaDate>20210426</CreaDate><CreaTime>11155300</CreaTime><ArcGISFormat>1.0</ArcGISFormat><SyncOnce>FALSE</SyncOnce><DataProperties><lineage><Process ToolSource="c:\program files (x86)\arcgis\desktop10.1\ArcToolbox\Toolboxes\Data Management Tools.tbx\Project" Date="20210126" Time="112727">Project D:\GDrive\DAG_DataSecure\study_area_gwanggyo_CensusOutputArea_BSTM.shp D:\GDrive\DAG_DataSecure\study_area_gwanggyo_CensusOutputArea.shp PROJCS['PCS_ITRF2000_TM',GEOGCS['GCS_ITRF_2000',DATUM['D_ITRF_2000',SPHEROID['GRS_1980',6378137.0,298.257222101]],PRIMEM['Greenwich',0.0],UNIT['Degree',0.0174532925199433]],PROJECTION['Transverse_Mercator'],PARAMETER['False_Easting',1000000.0],PARAMETER['False_Northing',2000000.0],PARAMETER['Central_Meridian',127.5],PARAMETER['Scale_Factor',0.9996],PARAMETER['Latitude_Of_Origin',38.0],UNIT['Meter',1.0]] 'Korea_2000_To_WGS_1984_1 + ITRF_2000_To_WGS_1984' PROJCS['Korea_2000_Korea_Unified_Coordinate_System',GEOGCS['GCS_Korea_2000',DATUM['D_Korea_2000',SPHEROID['GRS_1980',6378137.0,298.257222101]],PRIMEM['Greenwich',0.0],UNIT['Degree',0.0174532925199433]],PROJECTION['Transverse_Mercator'],PARAMETER['False_Easting',1000000.0],PARAMETER['False_Northing',2000000.0],PARAMETER['Central_Meridian',127.5],PARAMETER['Scale_Factor',0.9996],PARAMETER['Latitude_Of_Origin',38.0],UNIT['Meter',1.0]]</Process><Process ToolSource="c:\program files (x86)\arcgis\desktop10.1\ArcToolbox\Toolboxes\Data Management Tools.tbx\CalculateField" Date="20210127" Time="011949">CalculateField study_area_gwanggyo_CensusOutputArea COAarea !shape.area! PYTHON_9.3 #</Process><Process ToolSource="c:\program files (x86)\arcgis\desktop10.1\ArcToolbox\Toolboxes\Data Management Tools.tbx\CalculateField" Date="20210127" Time="012513">CalculateField study_area_gwanggyo_CensusOutputArea GreenRatio "[GreenArea]/ [COAarea]" VB #</Process><Process ToolSource="c:\program files (x86)\arcgis\desktop10.1\ArcToolbox\Toolboxes\Data Management Tools.tbx\CalculateField" Date="20210127" Time="013427">CalculateField study_area_gwanggyo_CensusOutputArea GreenRatio "[GreenArea]/ [COAarea]" VB #</Process><Process ToolSource="c:\program files (x86)\arcgis\desktop10.1\ArcToolbox\Toolboxes\Data Management Tools.tbx\CalculateField" Date="20210127" Time="013442">CalculateField study_area_gwanggyo_CensusOutputArea UrbanRatio "[UrbanArea] / [COAarea]" VB #</Process><Process ToolSource="c:\program files (x86)\arcgis\desktop10.1\ArcToolbox\Toolboxes\Data Management Tools.tbx\CalculateField" Date="20210127" Time="013508">CalculateField study_area_gwanggyo_CensusOutputArea cert "[GreenRatio]+ [UrbanRatio]" VB #</Process><Process ToolSource="c:\program files (x86)\arcgis\desktop10.1\ArcToolbox\Toolboxes\Data Management Tools.tbx\CalculateField" Date="20210127" Time="223824">CalculateField study_area_gwanggyo_CensusOutputArea BdPriceSqm [ApriceSqm] VB #</Process><Process ToolSource="c:\program files (x86)\arcgis\desktop10.1\ArcToolbox\Toolboxes\Data Management Tools.tbx\CalculateField" Date="20210127" Time="223835">CalculateField study_area_gwanggyo_CensusOutputArea BdArea [AptmtA] VB #</Process><Process ToolSource="c:\program files (x86)\arcgis\desktop10.1\ArcToolbox\Toolboxes\Data Management Tools.tbx\CalculateField" Date="20210127" Time="224306">CalculateField study_area_gwanggyo_CensusOutputArea BdPriceSqm [HpriceSqm] VB #</Process><Process ToolSource="c:\program files (x86)\arcgis\desktop10.1\ArcToolbox\Toolboxes\Data Management Tools.tbx\CalculateField" Date="20210127" Time="224317">CalculateField study_area_gwanggyo_CensusOutputArea BdArea [HouseA] VB #</Process><Process ToolSource="c:\program files (x86)\arcgis\desktop10.1\ArcToolbox\Toolboxes\Data Management Tools.tbx\CalculateField" Date="20210127" Time="224450">CalculateField study_area_gwanggyo_CensusOutputArea BdPriceSqm ( [HpriceSqm] + [ApriceSqm] )/2 VB #</Process><Process ToolSource="c:\program files (x86)\arcgis\desktop10.1\ArcToolbox\Toolboxes\Data Management Tools.tbx\CalculateField" Date="20210127" Time="224511">CalculateField study_area_gwanggyo_CensusOutputArea BdArea ( [HouseA] + [AptmtA] ) VB #</Process><Process ToolSource="c:\program files (x86)\arcgis\desktop10.1\ArcToolbox\Toolboxes\Data Management Tools.tbx\CalculateField" Date="20210128" Time="010743">CalculateField study_area_gwanggyo_CensusOutputArea HpriceSqm 0 VB #</Process><Process ToolSource="c:\program files (x86)\arcgis\desktop10.1\ArcToolbox\Toolboxes\Data Management Tools.tbx\CalculateField" Date="20210128" Time="010752">CalculateField study_area_gwanggyo_CensusOutputArea HouseA 0 VB #</Process><Process ToolSource="c:\program files (x86)\arcgis\desktop10.1\ArcToolbox\Toolboxes\Data Management Tools.tbx\CalculateField" Date="20210128" Time="010814">CalculateField study_area_gwanggyo_CensusOutputArea HouseA 0 VB #</Process><Process ToolSource="c:\program files\arcgis\pro\Resources\ArcToolbox\toolboxes\Conversion Tools.tbx\FeatureClassToFeatureClass" Date="20210205" Time="175833">FeatureClassToFeatureClass 0_ChanghoLee_spatialData D:\GDrive\DAG_DataSecure 0_ChanghoLee_spatialdata_final.shp # "BASE_DATE "BASE_DATE" true true false 8 Text 0 0,First,#,0_ChanghoLee_spatialData,BASE_DATE,0,8;ADM_CD "ADM_CD" true true false 7 Text 0 0,First,#,0_ChanghoLee_spatialData,ADM_CD,0,7;TOT_REG_CD "TOT_REG_CD" true true false 13 Text 0 0,First,#,0_ChanghoLee_spatialData,TOT_REG_CD,0,13;avgLprice "avgLprice" true true false 19 Double 0 0,First,#,0_ChanghoLee_spatialData,avgLprice,-1,-1;COAarea "COAarea" true true false 19 Double 0 0,First,#,0_ChanghoLee_spatialData,COAarea,-1,-1;GreenArea "GreenArea" true true false 19 Double 0 0,First,#,0_ChanghoLee_spatialData,GreenArea,-1,-1;UrbanArea "UrbanArea" true true false 19 Double 0 0,First,#,0_ChanghoLee_spatialData,UrbanArea,-1,-1;GreenRatio "GreenRatio" true true false 19 Double 0 0,First,#,0_ChanghoLee_spatialData,GreenRatio,-1,-1;UrbanRatio "UrbanRatio" true true false 19 Double 0 0,First,#,0_ChanghoLee_spatialData,UrbanRatio,-1,-1;AvgCstrtYr "AvgCstrtYr" true true false 4 Short 0 4,First,#,0_ChanghoLee_spatialData,AvgCstrtYr,-1,-1;NumHouse "NumHouse" true true false 9 Long 0 9,First,#,0_ChanghoLee_spatialData,NumHouse,-1,-1;BdPriceSqm "BdPriceSqm" true true false 19 Double 0 0,First,#,0_ChanghoLee_spatialData,BdPriceSqm,-1,-1;HpriceSqm "HpriceSqm" true true false 19 Double 0 0,First,#,0_ChanghoLee_spatialData,HpriceSqm,-1,-1;ApriceSqm "ApriceSqm" true true false 19 Double 0 0,First,#,0_ChanghoLee_spatialData,ApriceSqm,-1,-1;HouseA "HouseA" true true false 19 Double 0 0,First,#,0_ChanghoLee_spatialData,HouseA,-1,-1;AptmtA "AptmtA" true true false 19 Double 0 0,First,#,0_ChanghoLee_spatialData,AptmtA,-1,-1;Houseden "Houseden" true true false 19 Double 0 0,First,#,0_ChanghoLee_spatialData,Houseden,-1,-1;tr_GreenRa "tr_GreenRa" true true false 19 Double 0 0,First,#,0_ChanghoLee_spatialData,tr_GreenRa,-1,-1" #</Process><Process ToolSource="c:\program files\arcgis\pro\Resources\ArcToolbox\toolboxes\Data Management Tools.tbx\DeleteField" Date="20210205" Time="175857">DeleteField 0_ChanghoLee_spatialdata_final GreenArea</Process><Process ToolSource="c:\program files\arcgis\pro\Resources\ArcToolbox\toolboxes\Data Management Tools.tbx\DeleteField" Date="20210205" Time="175906">DeleteField 0_ChanghoLee_spatialdata_final UrbanArea</Process><Process ToolSource="c:\program files\arcgis\pro\Resources\ArcToolbox\toolboxes\Data Management Tools.tbx\DeleteField" Date="20210205" Time="175911">DeleteField 0_ChanghoLee_spatialdata_final UrbanRatio</Process><Process ToolSource="c:\program files\arcgis\pro\Resources\ArcToolbox\toolboxes\Data Management Tools.tbx\DeleteField" Date="20210205" Time="175919">DeleteField 0_ChanghoLee_spatialdata_final AvgCstrtYr</Process><Process ToolSource="c:\program files\arcgis\pro\Resources\ArcToolbox\toolboxes\Data Management Tools.tbx\DeleteField" Date="20210205" Time="175926">DeleteField 0_ChanghoLee_spatialdata_final NumHouse</Process><Process ToolSource="c:\program files\arcgis\pro\Resources\ArcToolbox\toolboxes\Data Management Tools.tbx\DeleteField" Date="20210205" Time="175932">DeleteField 0_ChanghoLee_spatialdata_final BdPriceSqm</Process><Process ToolSource="c:\program files\arcgis\pro\Resources\ArcToolbox\toolboxes\Data Management Tools.tbx\DeleteField" Date="20210205" Time="175936">DeleteField 0_ChanghoLee_spatialdata_final HpriceSqm</Process><Process ToolSource="c:\program files\arcgis\pro\Resources\ArcToolbox\toolboxes\Data Management Tools.tbx\DeleteField" Date="20210205" Time="175941">DeleteField 0_ChanghoLee_spatialdata_final ApriceSqm</Process><Process ToolSource="c:\program files\arcgis\pro\Resources\ArcToolbox\toolboxes\Data Management Tools.tbx\DeleteField" Date="20210205" Time="175947">DeleteField 0_ChanghoLee_spatialdata_final HouseA</Process><Process ToolSource="c:\program files\arcgis\pro\Resources\ArcToolbox\toolboxes\Data Management Tools.tbx\DeleteField" Date="20210205" Time="175952">DeleteField 0_ChanghoLee_spatialdata_final AptmtA</Process><Process ToolSource="c:\program files\arcgis\pro\Resources\ArcToolbox\toolboxes\Data Management Tools.tbx\DeleteField" Date="20210205" Time="175959">DeleteField 0_ChanghoLee_spatialdata_final tr_GreenRa</Process><Process ToolSource="c:\program files\arcgis\pro\Resources\ArcToolbox\toolboxes\Data Management Tools.tbx\UpdateSchema" Date="20210205" Time="180013">UpdateSchema "CIMDATA=&lt;CIMStandardDataConnection xsi:type='typens:CIMStandardDataConnection' xmlns:xsi='http://www.w3.org/2001/XMLSchema-instance' xmlns:xs='http://www.w3.org/2001/XMLSchema' xmlns:typens='http://www.esri.com/schemas/ArcGIS/2.7.0'&gt;&lt;WorkspaceConnectionString&gt;DATABASE=D:\GDrive\DAG_DataSecure&lt;/WorkspaceConnectionString&gt;&lt;WorkspaceFactory&gt;Shapefile&lt;/WorkspaceFactory&gt;&lt;Dataset&gt;0_ChanghoLee_spatialdata_final&lt;/Dataset&gt;&lt;DatasetType&gt;esriDTFeatureClass&lt;/DatasetType&gt;&lt;/CIMStandardDataConnection&gt;" &lt;operationSequence&gt;&lt;workflow&gt;&lt;AddField&gt;&lt;field_name&gt;Field&lt;/field_name&gt;&lt;field_type&gt;LONG&lt;/field_type&gt;&lt;field_is_nullable&gt;False&lt;/field_is_nullable&gt;&lt;field_is_required&gt;False&lt;/field_is_required&gt;&lt;/AddField&gt;&lt;/workflow&gt;&lt;/operationSequence&gt;</Process><Process ToolSource="c:\program files\arcgis\pro\Resources\ArcToolbox\toolboxes\Data Management Tools.tbx\UpdateSchema" Date="20210205" Time="180255">UpdateSchema "CIMDATA=&lt;CIMStandardDataConnection xsi:type='typens:CIMStandardDataConnection' xmlns:xsi='http://www.w3.org/2001/XMLSchema-instance' xmlns:xs='http://www.w3.org/2001/XMLSchema' xmlns:typens='http://www.esri.com/schemas/ArcGIS/2.7.0'&gt;&lt;WorkspaceConnectionString&gt;DATABASE=D:\GDrive\DAG_DataSecure&lt;/WorkspaceConnectionString&gt;&lt;WorkspaceFactory&gt;Shapefile&lt;/WorkspaceFactory&gt;&lt;Dataset&gt;0_ChanghoLee_spatialdata_final&lt;/Dataset&gt;&lt;DatasetType&gt;esriDTFeatureClass&lt;/DatasetType&gt;&lt;/CIMStandardDataConnection&gt;" &lt;operationSequence&gt;&lt;workflow&gt;&lt;DeleteField&gt;&lt;field_name&gt;Field&lt;/field_name&gt;&lt;/DeleteField&gt;&lt;/workflow&gt;&lt;workflow&gt;&lt;AddField&gt;&lt;field_name&gt;Area&lt;/field_name&gt;&lt;field_type&gt;DOUBLE&lt;/field_type&gt;&lt;field_is_nullable&gt;False&lt;/field_is_nullable&gt;&lt;field_is_required&gt;False&lt;/field_is_required&gt;&lt;/AddField&gt;&lt;/workflow&gt;&lt;/operationSequence&gt;</Process><Process ToolSource="c:\program files\arcgis\pro\Resources\ArcToolbox\toolboxes\Data Management Tools.tbx\CalculateField" Date="20210205" Time="180316">CalculateField 0_ChanghoLee_spatialdata_final Area !COAarea! "Python 3" # Text</Process><Process ToolSource="c:\program files\arcgis\pro\Resources\ArcToolbox\toolboxes\Data Management Tools.tbx\DeleteField" Date="20210205" Time="180325">DeleteField 0_ChanghoLee_spatialdata_final COAarea</Process><Process ToolSource="c:\program files\arcgis\pro\Resources\ArcToolbox\Toolboxes\Data Management Tools.tbx\UpdateSchema" Date="20210206" Time="142800">UpdateSchema "CIMDATA=&lt;CIMStandardDataConnection xsi:type='typens:CIMStandardDataConnection' xmlns:xsi='http://www.w3.org/2001/XMLSchema-instance' xmlns:xs='http://www.w3.org/2001/XMLSchema' xmlns:typens='http://www.esri.com/schemas/ArcGIS/2.7.0'&gt;&lt;WorkspaceConnectionString&gt;DATABASE=D:\GDrive\DAG_DataSecure&lt;/WorkspaceConnectionString&gt;&lt;WorkspaceFactory&gt;Shapefile&lt;/WorkspaceFactory&gt;&lt;Dataset&gt;0_ChanghoLee_spatialdata_final.shp&lt;/Dataset&gt;&lt;DatasetType&gt;esriDTFeatureClass&lt;/DatasetType&gt;&lt;/CIMStandardDataConnection&gt;" &lt;operationSequence&gt;&lt;workflow&gt;&lt;AddField&gt;&lt;field_name&gt;GrnRtPct&lt;/field_name&gt;&lt;field_type&gt;DOUBLE&lt;/field_type&gt;&lt;field_is_nullable&gt;False&lt;/field_is_nullable&gt;&lt;field_is_required&gt;False&lt;/field_is_required&gt;&lt;/AddField&gt;&lt;/workflow&gt;&lt;/operationSequence&gt;</Process><Process ToolSource="c:\program files\arcgis\pro\Resources\ArcToolbox\toolboxes\Data Management Tools.tbx\CalculateField" Date="20210206" Time="142832">CalculateField 0_ChanghoLee_spatialdata_final GrnRtPct !GreenRatio!*100 "Python 3" # Text</Process><Process ToolSource="c:\program files\arcgis\pro\Resources\ArcToolbox\toolboxes\Data Management Tools.tbx\DeleteField" Date="20210206" Time="142859">DeleteField 0_ChanghoLee_spatialdata_final GreenRatio</Process><Process ToolSource="c:\program files\arcgis\pro\Resources\ArcToolbox\toolboxes\Data Management Tools.tbx\DeleteField" Date="20210210" Time="122727">DeleteField 0_ChanghoLee_spatialdata_final esf_resi;EV10;EV100;EV101;EV103;EV104;EV105;EV106;EV108;EV11;EV114;EV12;EV15;EV16;EV17;EV18;EV19;EV2;EV21;EV22;EV23;EV25;EV26;EV27;EV28;EV29;EV30;EV31;EV32;EV33;EV34;EV35;EV37;EV4;EV42;EV43;EV46;EV47;EV49;EV5;EV52;EV55;EV56;EV57;EV58;EV59;EV60;EV63;EV67;EV68;EV69;EV7;EV70;EV74;EV76;EV77;EV79;EV82;EV84;EV89;EV9;EV92;EV93;EV94;EV96;EV97;EV98;EV99;sfilter</Process><Process ToolSource="c:\program files\arcgis\pro\Resources\ArcToolbox\toolboxes\Data Management Tools.tbx\UpdateSchema" Date="20210210" Time="122805">UpdateSchema "CIMDATA=&lt;CIMStandardDataConnection xsi:type='typens:CIMStandardDataConnection' xmlns:xsi='http://www.w3.org/2001/XMLSchema-instance' xmlns:xs='http://www.w3.org/2001/XMLSchema' xmlns:typens='http://www.esri.com/schemas/ArcGIS/2.7.0'&gt;&lt;WorkspaceConnectionString&gt;DATABASE=D:\GDrive\DAG_DataSecure&lt;/WorkspaceConnectionString&gt;&lt;WorkspaceFactory&gt;Shapefile&lt;/WorkspaceFactory&gt;&lt;Dataset&gt;0_ChanghoLee_spatialdata_final.shp&lt;/Dataset&gt;&lt;DatasetType&gt;esriDTFeatureClass&lt;/DatasetType&gt;&lt;/CIMStandardDataConnection&gt;" &lt;operationSequence&gt;&lt;workflow&gt;&lt;AddField&gt;&lt;field_name&gt;AreaSqm&lt;/field_name&gt;&lt;field_type&gt;DOUBLE&lt;/field_type&gt;&lt;field_is_nullable&gt;False&lt;/field_is_nullable&gt;&lt;field_is_required&gt;False&lt;/field_is_required&gt;&lt;/AddField&gt;&lt;/workflow&gt;&lt;/operationSequence&gt;</Process><Process ToolSource="c:\program files\arcgis\pro\Resources\ArcToolbox\toolboxes\Data Management Tools.tbx\CalculateField" Date="20210210" Time="122822">CalculateField 0_ChanghoLee_spatialdata_final AreaSqm !Area! "Python 3" # Text</Process><Process ToolSource="c:\program files\arcgis\pro\Resources\ArcToolbox\toolboxes\Data Management Tools.tbx\DeleteField" Date="20210210" Time="122827">DeleteField 0_ChanghoLee_spatialdata_final Area</Process><Process ToolSource="c:\program files\arcgis\pro\Resources\ArcToolbox\Toolboxes\Data Management Tools.tbx\UpdateSchema" Date="20210329" Time="164313">UpdateSchema "CIMDATA=&lt;CIMStandardDataConnection xsi:type='typens:CIMStandardDataConnection' xmlns:xsi='http://www.w3.org/2001/XMLSchema-instance' xmlns:xs='http://www.w3.org/2001/XMLSchema' xmlns:typens='http://www.esri.com/schemas/ArcGIS/2.7.0'&gt;&lt;WorkspaceConnectionString&gt;DATABASE=D:\GDrive\DAG_DataSecure&lt;/WorkspaceConnectionString&gt;&lt;WorkspaceFactory&gt;Shapefile&lt;/WorkspaceFactory&gt;&lt;Dataset&gt;0_ChanghoLee_spatialdata_final.shp&lt;/Dataset&gt;&lt;DatasetType&gt;esriDTFeatureClass&lt;/DatasetType&gt;&lt;/CIMStandardDataConnection&gt;" &lt;operationSequence&gt;&lt;workflow&gt;&lt;AddField&gt;&lt;field_name&gt;PopDen&lt;/field_name&gt;&lt;field_type&gt;LONG&lt;/field_type&gt;&lt;field_is_nullable&gt;False&lt;/field_is_nullable&gt;&lt;field_is_required&gt;False&lt;/field_is_required&gt;&lt;/AddField&gt;&lt;/workflow&gt;&lt;workflow&gt;&lt;AddField&gt;&lt;field_name&gt;Field&lt;/field_name&gt;&lt;field_type&gt;LONG&lt;/field_type&gt;&lt;field_is_nullable&gt;False&lt;/field_is_nullable&gt;&lt;field_is_required&gt;False&lt;/field_is_required&gt;&lt;/AddField&gt;&lt;/workflow&gt;&lt;/operationSequence&gt;</Process><Process ToolSource="c:\program files\arcgis\pro\Resources\ArcToolbox\Toolboxes\Data Management Tools.tbx\DeleteField" Date="20210329" Time="164326">DeleteField 0_ChanghoLee_spatialdata_final Field</Process><Process ToolSource="c:\program files\arcgis\pro\Resources\ArcToolbox\Toolboxes\Data Management Tools.tbx\UpdateSchema" Date="20210329" Time="164352">UpdateSchema "CIMDATA=&lt;CIMStandardDataConnection xsi:type='typens:CIMStandardDataConnection' xmlns:xsi='http://www.w3.org/2001/XMLSchema-instance' xmlns:xs='http://www.w3.org/2001/XMLSchema' xmlns:typens='http://www.esri.com/schemas/ArcGIS/2.7.0'&gt;&lt;WorkspaceConnectionString&gt;DATABASE=D:\GDrive\DAG_DataSecure&lt;/WorkspaceConnectionString&gt;&lt;WorkspaceFactory&gt;Shapefile&lt;/WorkspaceFactory&gt;&lt;Dataset&gt;0_ChanghoLee_spatialdata_final.shp&lt;/Dataset&gt;&lt;DatasetType&gt;esriDTFeatureClass&lt;/DatasetType&gt;&lt;/CIMStandardDataConnection&gt;" &lt;operationSequence&gt;&lt;workflow&gt;&lt;DeleteField&gt;&lt;field_name&gt;PopDen&lt;/field_name&gt;&lt;/DeleteField&gt;&lt;/workflow&gt;&lt;workflow&gt;&lt;AddField&gt;&lt;field_name&gt;PopDen&lt;/field_name&gt;&lt;field_type&gt;DOUBLE&lt;/field_type&gt;&lt;field_is_nullable&gt;False&lt;/field_is_nullable&gt;&lt;field_is_required&gt;False&lt;/field_is_required&gt;&lt;/AddField&gt;&lt;/workflow&gt;&lt;/operationSequence&gt;</Process><Process ToolSource="c:\program files (x86)\arcgis\desktop10.7\ArcToolbox\Toolboxes\Data Management Tools.tbx\CalculateField" Date="20210426" Time="111959">CalculateField ChanghoLee_data_042621 pop_1 [tr_Popden1] VB #</Process><Process ToolSource="c:\program files (x86)\arcgis\desktop10.7\ArcToolbox\Toolboxes\Data Management Tools.tbx\CalculateField" Date="20210426" Time="112014">CalculateField ChanghoLee_data_042621 house2 [tr_Housede] VB #</Process><Process ToolSource="c:\program files (x86)\arcgis\desktop10.7\ArcToolbox\Toolboxes\Data Management Tools.tbx\CalculateField" Date="20210426" Time="112051">CalculateField ChanghoLee_data_042621 price3 [tr_AvgLPr1] VB #</Process><Process ToolSource="c:\program files (x86)\arcgis\desktop10.7\ArcToolbox\Toolboxes\Data Management Tools.tbx\CalculateField" Date="20210426" Time="112101">CalculateField ChanghoLee_data_042621 green4 [tr_GrnRtPc] VB #</Process><Process ToolSource="c:\program files (x86)\arcgis\desktop10.7\ArcToolbox\Toolboxes\Data Management Tools.tbx\CalculateField" Date="20210426" Time="112330">CalculateField ChanghoLee_data_042621 tr_popDen [pop_1] VB #</Process><Process ToolSource="c:\program files (x86)\arcgis\desktop10.7\ArcToolbox\Toolboxes\Data Management Tools.tbx\CalculateField" Date="20210426" Time="112420">CalculateField ChanghoLee_data_042621 tr_housDen [house2] VB #</Process><Process ToolSource="c:\program files (x86)\arcgis\desktop10.7\ArcToolbox\Toolboxes\Data Management Tools.tbx\CalculateField" Date="20210426" Time="112432">CalculateField ChanghoLee_data_042621 tr_ldPrice [price3] VB #</Process><Process ToolSource="c:\program files (x86)\arcgis\desktop10.7\ArcToolbox\Toolboxes\Data Management Tools.tbx\CalculateField" Date="20210426" Time="112440">CalculateField ChanghoLee_data_042621 tr_grnAPct [green4] VB #</Process></lineage><itemProps><itemName Sync="TRUE">0_ChanghoLee_spatialdata_final</itemName><imsContentType Sync="TRUE">002</imsContentType><itemSize Sync="TRUE">0.000</itemSize><itemLocation><linkage Sync="TRUE">file://\\DESKTOP-ARTCGA5\D$\GDrive\DAG_DataSecure\0_ChanghoLee_spatialdata_final.shp</linkage><protocol Sync="TRUE">Local Area Network</protocol></itemLocation></itemProps><coordRef><type Sync="TRUE">Projected</type><geogcsn Sync="TRUE">GCS_ITRF_2000</geogcsn><csUnits Sync="TRUE">Linear Unit: Meter (1.000000)</csUnits><projcsn Sync="TRUE">PCS_ITRF2000_TM</projcsn><peXml Sync="TRUE">&lt;ProjectedCoordinateSystem xsi:type='typens:ProjectedCoordinateSystem' xmlns:xsi='http://www.w3.org/2001/XMLSchema-instance' xmlns:xs='http://www.w3.org/2001/XMLSchema' xmlns:typens='http://www.esri.com/schemas/ArcGIS/2.7.0'&gt;&lt;WKT&gt;PROJCS[&amp;quot;PCS_ITRF2000_TM&amp;quot;,GEOGCS[&amp;quot;GCS_ITRF_2000&amp;quot;,DATUM[&amp;quot;D_ITRF_2000&amp;quot;,SPHEROID[&amp;quot;GRS_1980&amp;quot;,6378137.0,298.257222101]],PRIMEM[&amp;quot;Greenwich&amp;quot;,0.0],UNIT[&amp;quot;Degree&amp;quot;,0.0174532925199433]],PROJECTION[&amp;quot;Transverse_Mercator&amp;quot;],PARAMETER[&amp;quot;False_Easting&amp;quot;,1000000.0],PARAMETER[&amp;quot;False_Northing&amp;quot;,2000000.0],PARAMETER[&amp;quot;Central_Meridian&amp;quot;,127.5],PARAMETER[&amp;quot;Scale_Factor&amp;quot;,0.9996],PARAMETER[&amp;quot;Latitude_Of_Origin&amp;quot;,38.0],UNIT[&amp;quot;Meter&amp;quot;,1.0]]&lt;/WKT&gt;&lt;XOrigin&gt;-4620900&lt;/XOrigin&gt;&lt;YOrigin&gt;-12203900&lt;/YOrigin&gt;&lt;XYScale&gt;450445547.3910538&lt;/XYScale&gt;&lt;ZOrigin&gt;-100000&lt;/ZOrigin&gt;&lt;ZScale&gt;10000&lt;/ZScale&gt;&lt;MOrigin&gt;-100000&lt;/MOrigin&gt;&lt;MScale&gt;10000&lt;/MScale&gt;&lt;XYTolerance&gt;0.001&lt;/XYTolerance&gt;&lt;ZTolerance&gt;0.001&lt;/ZTolerance&gt;&lt;MTolerance&gt;0.001&lt;/MTolerance&gt;&lt;HighPrecision&gt;true&lt;/HighPrecision&gt;&lt;/ProjectedCoordinateSystem&gt;</peXml></coordRef></DataProperties><SyncDate>20210205</SyncDate><SyncTime>17583300</SyncTime><ModDate>20210205</ModDate><ModTime>17583300</ModTime></Esri><dataIdInfo><envirDesc Sync="TRUE">Microsoft Windows 10 Version 10.0 (Build 19042) ; Esri ArcGIS 12.7.0.26828</envirDesc><dataLang><languageCode value="eng" Sync="TRUE"></languageCode><countryCode value="USA" Sync="TRUE"></countryCode></dataLang><idCitation><resTitle Sync="TRUE">0_ChanghoLee_spatialdata_final</resTitle><presForm><PresFormCd value="005" Sync="TRUE"></PresFormCd></presForm></idCitation><spatRpType><SpatRepTypCd value="001" Sync="TRUE"></SpatRepTypCd></spatRpType></dataIdInfo><mdLang><languageCode value="eng" Sync="TRUE"></languageCode><countryCode value="USA" Sync="TRUE"></countryCode></mdLang><mdChar><CharSetCd value="004" Sync="TRUE"></CharSetCd></mdChar><distInfo><distFormat><formatName Sync="TRUE">Shapefile</formatName></distFormat><distTranOps><transSize Sync="TRUE">0.000</transSize></distTranOps></distInfo><mdHrLv><ScopeCd value="005" Sync="TRUE"></ScopeCd></mdHrLv><mdHrLvName Sync="TRUE">dataset</mdHrLvName><refSysInfo><RefSystem><refSysID><identCode code="0" Sync="TRUE"></identCode></refSysID></RefSystem></refSysInfo><spatRepInfo><VectSpatRep><geometObjs Name="0_ChanghoLee_spatialdata_final"><geoObjTyp><GeoObjTypCd value="002" Sync="TRUE"></GeoObjTypCd></geoObjTyp><geoObjCnt Sync="TRUE">0</geoObjCnt></geometObjs><topLvl><TopoLevCd value="001" Sync="TRUE"></TopoLevCd></topLvl></VectSpatRep></spatRepInfo><spdoinfo><ptvctinf><esriterm Name="0_ChanghoLee_spatialdata_final"><efeatyp Sync="TRUE">Simple</efeatyp><efeageom code="4" Sync="TRUE"></efeageom><esritopo Sync="TRUE">FALSE</esritopo><efeacnt Sync="TRUE">0</efeacnt><spindex Sync="TRUE">FALSE</spindex><linrefer Sync="TRUE">FALSE</linrefer></esriterm></ptvctinf></spdoinfo><eainfo><detailed Name="0_ChanghoLee_spatialdata_final"><enttyp><enttypl Sync="TRUE">0_ChanghoLee_spatialdata_final</enttypl><enttypt Sync="TRUE">Feature Class</enttypt><enttypc Sync="TRUE">0</enttypc></enttyp><attr><attrlabl Sync="TRUE">FID</attrlabl><attalias Sync="TRUE">FID</attalias><attrtype Sync="TRUE">OID</attrtype><attwidth Sync="TRUE">4</attwidth><atprecis Sync="TRUE">0</atprecis><attscale Sync="TRUE">0</attscale><attrdef Sync="TRUE">Internal feature number.</attrdef><attrdefs Sync="TRUE">Esri</attrdefs><attrdomv><udom Sync="TRUE">Sequential unique whole numbers that are automatically generated.</udom></attrdomv></attr><attr><attrlabl Sync="TRUE">Shape</attrlabl><attalias Sync="TRUE">Shape</attalias><attrtype Sync="TRUE">Geometry</attrtype><attwidth Sync="TRUE">0</attwidth><atprecis Sync="TRUE">0</atprecis><attscale Sync="TRUE">0</attscale><attrdef Sync="TRUE">Feature geometry.</attrdef><attrdefs Sync="TRUE">Esri</attrdefs><attrdomv><udom Sync="TRUE">Coordinates defining the features.</udom></attrdomv></attr><attr><attrlabl Sync="TRUE">BASE_DATE</attrlabl><attalias Sync="TRUE">BASE_DATE</attalias><attrtype Sync="TRUE">String</attrtype><attwidth Sync="TRUE">8</attwidth><atprecis Sync="TRUE">0</atprecis><attscale Sync="TRUE">0</attscale></attr><attr><attrlabl Sync="TRUE">ADM_CD</attrlabl><attalias Sync="TRUE">ADM_CD</attalias><attrtype Sync="TRUE">String</attrtype><attwidth Sync="TRUE">7</attwidth><atprecis Sync="TRUE">0</atprecis><attscale Sync="TRUE">0</attscale></attr><attr><attrlabl Sync="TRUE">TOT_REG_CD</attrlabl><attalias Sync="TRUE">TOT_REG_CD</attalias><attrtype Sync="TRUE">String</attrtype><attwidth Sync="TRUE">13</attwidth><atprecis Sync="TRUE">0</atprecis><attscale Sync="TRUE">0</attscale></attr><attr><attrlabl Sync="TRUE">avgLprice</attrlabl><attalias Sync="TRUE">avgLprice</attalias><attrtype Sync="TRUE">Double</attrtype><attwidth Sync="TRUE">19</attwidth><atprecis Sync="TRUE">0</atprecis><attscale Sync="TRUE">0</attscale></attr><attr><attrlabl Sync="TRUE">COAarea</attrlabl><attalias Sync="TRUE">COAarea</attalias><attrtype Sync="TRUE">Double</attrtype><attwidth Sync="TRUE">19</attwidth><atprecis Sync="TRUE">0</atprecis><attscale Sync="TRUE">0</attscale></attr><attr><attrlabl Sync="TRUE">GreenArea</attrlabl><attalias Sync="TRUE">GreenArea</attalias><attrtype Sync="TRUE">Double</attrtype><attwidth Sync="TRUE">19</attwidth><atprecis Sync="TRUE">0</atprecis><attscale Sync="TRUE">0</attscale></attr><attr><attrlabl Sync="TRUE">UrbanArea</attrlabl><attalias Sync="TRUE">UrbanArea</attalias><attrtype Sync="TRUE">Double</attrtype><attwidth Sync="TRUE">19</attwidth><atprecis Sync="TRUE">0</atprecis><attscale Sync="TRUE">0</attscale></attr><attr><attrlabl Sync="TRUE">GreenRatio</attrlabl><attalias Sync="TRUE">GreenRatio</attalias><attrtype Sync="TRUE">Double</attrtype><attwidth Sync="TRUE">19</attwidth><atprecis Sync="TRUE">0</atprecis><attscale Sync="TRUE">0</attscale></attr><attr><attrlabl Sync="TRUE">UrbanRatio</attrlabl><attalias Sync="TRUE">UrbanRatio</attalias><attrtype Sync="TRUE">Double</attrtype><attwidth Sync="TRUE">19</attwidth><atprecis Sync="TRUE">0</atprecis><attscale Sync="TRUE">0</attscale></attr><attr><attrlabl Sync="TRUE">AvgCstrtYr</attrlabl><attalias Sync="TRUE">AvgCstrtYr</attalias><attrtype Sync="TRUE">SmallInteger</attrtype><attwidth Sync="TRUE">4</attwidth><atprecis Sync="TRUE">4</atprecis><attscale Sync="TRUE">0</attscale></attr><attr><attrlabl Sync="TRUE">NumHouse</attrlabl><attalias Sync="TRUE">NumHouse</attalias><attrtype Sync="TRUE">Integer</attrtype><attwidth Sync="TRUE">9</attwidth><atprecis Sync="TRUE">9</atprecis><attscale Sync="TRUE">0</attscale></attr><attr><attrlabl Sync="TRUE">BdPriceSqm</attrlabl><attalias Sync="TRUE">BdPriceSqm</attalias><attrtype Sync="TRUE">Double</attrtype><attwidth Sync="TRUE">19</attwidth><atprecis Sync="TRUE">0</atprecis><attscale Sync="TRUE">0</attscale></attr><attr><attrlabl Sync="TRUE">HpriceSqm</attrlabl><attalias Sync="TRUE">HpriceSqm</attalias><attrtype Sync="TRUE">Double</attrtype><attwidth Sync="TRUE">19</attwidth><atprecis Sync="TRUE">0</atprecis><attscale Sync="TRUE">0</attscale></attr><attr><attrlabl Sync="TRUE">ApriceSqm</attrlabl><attalias Sync="TRUE">ApriceSqm</attalias><attrtype Sync="TRUE">Double</attrtype><attwidth Sync="TRUE">19</attwidth><atprecis Sync="TRUE">0</atprecis><attscale Sync="TRUE">0</attscale></attr><attr><attrlabl Sync="TRUE">HouseA</attrlabl><attalias Sync="TRUE">HouseA</attalias><attrtype Sync="TRUE">Double</attrtype><attwidth Sync="TRUE">19</attwidth><atprecis Sync="TRUE">0</atprecis><attscale Sync="TRUE">0</attscale></attr><attr><attrlabl Sync="TRUE">AptmtA</attrlabl><attalias Sync="TRUE">AptmtA</attalias><attrtype Sync="TRUE">Double</attrtype><attwidth Sync="TRUE">19</attwidth><atprecis Sync="TRUE">0</atprecis><attscale Sync="TRUE">0</attscale></attr><attr><attrlabl Sync="TRUE">Houseden</attrlabl><attalias Sync="TRUE">Houseden</attalias><attrtype Sync="TRUE">Double</attrtype><attwidth Sync="TRUE">19</attwidth><atprecis Sync="TRUE">0</atprecis><attscale Sync="TRUE">0</attscale></attr><attr><attrlabl Sync="TRUE">tr_GreenRa</attrlabl><attalias Sync="TRUE">tr_GreenRa</attalias><attrtype Sync="TRUE">Double</attrtype><attwidth Sync="TRUE">19</attwidth><atprecis Sync="TRUE">0</atprecis><attscale Sync="TRUE">0</attscale></attr></detailed></eainfo><mdDateSt Sync="TRUE">20210205</mdDateSt></metadata>
